country,code,region,ig,gini,gini_year,press,press_year,mfr,mfr_year,life_exp,life_exp_year,gre,gre_year,corruption,corruption_year,polistab,polistab_year,gdphead,gdphead_year
Aruba,ABW,Latin America & Caribbean,High income: nonOECD,n/a,n/a,n/a,n/a,52.47,2015,75.57,2015,1.50,2012,1.03,2014,1.24,2014,25353.79,2011
Andorra,AND,n/a,n/a,n/a,n/a,19.87,2016,n/a,n/a,n/a,n/a,n/a,n/a,n/a,n/a,n/a,n/a,42806.52,2013
Afghanistan,AFG,South Asia,Low income,n/a,n/a,37.75,2016,48.43,2015,60.72,2015,0.34,2011,-1.33,2014,-2.46,2014,633.57,2014
Angola,AGO,Sub-Saharan Africa,Upper middle income,42.72,2008,39.89,2016,50.38,2015,52.67,2015,0.80,2013,-1.45,2014,-0.27,2014,5900.53,2013
Albania,ALB,Europe & Central Asia,Lower middle income,28.96,2012,29.92,2016,50.40,2015,78.01,2015,1.41,2014,-0.55,2014,0.47,2014,4564.39,2014
Arab World,ARB,n/a,n/a,n/a,n/a,n/a,n/a,48.25,2015,70.74,2015,1.05,2013,n/a,n/a,n/a,n/a,7446.77,2014
United Arab Emirates,ARE,Middle East & North Africa,High income: nonOECD,n/a,n/a,36.73,2016,26.74,2015,77.54,2015,2.26,2014,1.23,2014,0.81,2014,43962.71,2014
Argentina,ARG,Latin America & Caribbean,Upper middle income,42.28,2013,25.09,2016,51.07,2015,76.33,2015,1.61,2013,-0.58,2014,0.08,2014,12509.53,2014
Armenia,ARM,Europe & Central Asia,Lower middle income,31.54,2013,28.79,2016,53.62,2015,74.80,2015,1.23,2014,-0.44,2014,-0.21,2014,3873.53,2014
American Samoa,ASM,n/a,n/a,n/a,n/a,n/a,n/a,n/a,n/a,n/a,n/a,n/a,n/a,1.25,2014,1.13,2014,n/a,n/a
Antigua and Barbuda,ATG,Latin America & Caribbean,Upper middle income,n/a,n/a,n/a,n/a,52.20,2015,76.10,2015,2.07,2012,0.68,2014,0.96,2014,13432.08,2014
Australia,AUS,East Asia & Pacific,High income: OECD,34.94,2010,17.84,2016,50.04,2015,82.50,2015,1.40,2013,1.87,2014,1.08,2014,61979.90,2014
Austria,AUT,Europe & Central Asia,High income: OECD,30.48,2012,13.18,2016,50.89,2015,81.48,2015,1.20,2014,1.44,2014,1.29,2014,51122.43,2014
Azerbaijan,AZE,Europe & Central Asia,Upper middle income,16.64,2005,57.89,2016,50.22,2015,70.85,2015,1.14,2014,-0.92,2014,-0.50,2014,7886.46,2014
Burundi,BDI,Sub-Saharan Africa,Low income,33.36,2006,54.10,2016,50.58,2015,57.11,2015,0.42,2013,-1.19,2014,-0.89,2014,286.00,2014
Belgium,BEL,Europe & Central Asia,High income: OECD,27.59,2012,14.18,2016,50.80,2015,80.89,2015,1.30,2013,1.55,2014,0.71,2014,47327.62,2014
Benin,BEN,Sub-Saharan Africa,Low income,43.44,2011,28.97,2016,50.13,2015,59.72,2015,0.37,2013,-0.78,2014,0.05,2014,903.46,2014
Burkina Faso,BFA,Sub-Saharan Africa,Low income,39.76,2009,22.66,2016,50.38,2015,58.93,2015,0.49,2013,-0.53,2014,-0.79,2014,713.06,2014
Bangladesh,BGD,South Asia,Low income,31.98,2010,45.94,2016,49.52,2015,72.00,2015,0.72,2012,-0.91,2014,-0.88,2014,1086.81,2014
Bulgaria,BGR,Europe & Central Asia,Upper middle income,36.01,2012,34.46,2016,51.42,2015,74.30,2015,1.25,2014,-0.28,2014,0.08,2014,7851.27,2014
Bahrain,BHR,Middle East & North Africa,High income: nonOECD,n/a,n/a,54.86,2016,38.02,2015,76.82,2015,2.33,2014,0.30,2014,-0.94,2014,24855.22,2014
"Bahamas, The",BHS,Latin America & Caribbean,High income: nonOECD,n/a,n/a,n/a,n/a,51.04,2015,75.40,2015,2.71,1995,1.29,2014,1.02,2014,22217.49,2014
Bosnia and Herzegovina,BIH,Europe & Central Asia,Upper middle income,33.04,2007,28.45,2016,50.23,2015,76.59,2015,n/a,n/a,-0.28,2014,-0.06,2014,4851.66,2014
Belarus,BLR,Europe & Central Asia,Upper middle income,26.01,2012,54.32,2016,53.52,2015,71.36,2015,1.33,2014,-0.32,2014,0.12,2014,8040.05,2014
Belize,BLZ,Latin America & Caribbean,Lower middle income,53.26,1999,20.61,2016,50.15,2015,70.19,2015,1.64,2013,-0.19,2014,0.05,2014,4831.18,2014
Bermuda,BMU,n/a,n/a,n/a,n/a,n/a,n/a,n/a,n/a,80.80,2014,2.07,2014,1.25,2014,0.96,2014,85748.07,2013
Bolivia,BOL,Latin America & Caribbean,Lower middle income,48.06,2013,31.78,2016,49.92,2015,68.74,2015,0.84,2007,-0.64,2014,-0.36,2014,3124.08,2014
Brazil,BRA,Latin America & Caribbean,Upper middle income,52.87,2013,32.62,2016,50.83,2015,74.68,2015,n/a,n/a,-0.38,2014,-0.01,2014,11726.81,2014
Barbados,BRB,Latin America & Caribbean,High income: nonOECD,n/a,n/a,n/a,n/a,52.09,2015,75.66,2015,2.25,2011,1.03,2014,1.35,2014,15366.29,2014
Brunei Darussalam,BRN,East Asia & Pacific,High income: nonOECD,n/a,n/a,53.85,2016,48.48,2015,79.04,2015,1.69,2014,0.63,2014,1.27,2014,40979.64,2014
Bhutan,BTN,South Asia,Lower middle income,38.65,2012,30.73,2016,46.27,2015,69.83,2015,0.74,2013,1.27,2014,1.00,2014,2560.50,2014
Botswana,BWA,Sub-Saharan Africa,Upper middle income,60.46,2009,22.91,2016,50.04,2015,64.49,2015,1.37,2014,0.80,2014,1.02,2014,7123.34,2014
Central African Republic,CAF,Sub-Saharan Africa,Low income,56.24,2008,33.60,2016,50.71,2015,51.42,2015,0.36,2012,-1.15,2014,-2.67,2014,358.54,2014
Canada,CAN,North America,High income: OECD,33.68,2010,15.26,2016,50.40,2015,82.14,2015,1.34,2000,1.82,2014,1.18,2014,50230.81,2014
Central Europe and the Baltics,CEB,n/a,n/a,n/a,n/a,n/a,n/a,51.71,2015,76.45,2015,1.44,2013,n/a,n/a,n/a,n/a,14082.01,2014
Switzerland,CHE,Europe & Central Asia,High income: OECD,31.64,2012,11.76,2016,50.48,2015,83.02,2015,1.01,2013,2.19,2014,1.24,2014,85616.56,2014
Channel Islands,CHI,n/a,n/a,n/a,n/a,n/a,n/a,50.44,2015,80.75,2015,n/a,n/a,n/a,n/a,n/a,n/a,73568.23,2007
Chile,CHL,Latin America & Caribbean,Upper middle income,50.45,2013,19.23,2016,50.66,2015,81.79,2015,1.13,2013,1.48,2014,0.49,2014,14528.33,2014
China,CHN,East Asia & Pacific,Upper middle income,42.06,2010,80.96,2016,48.48,2015,75.99,2015,1.14,2013,-0.33,2014,-0.46,2014,7590.02,2014
Cote d'Ivoire,CIV,Sub-Saharan Africa,Lower middle income,43.18,2008,30.17,2016,49.14,2015,51.92,2015,0.58,2014,-0.41,2014,-1.01,2014,1545.94,2014
Cameroon,CMR,Sub-Saharan Africa,Lower middle income,42.82,2007,40.53,2016,50.00,2015,55.93,2015,0.73,2011,-1.15,2014,-0.94,2014,1407.40,2014
"Congo, Rep.",COG,Sub-Saharan Africa,Lower middle income,40.16,2011,35.84,2016,49.98,2015,62.87,2015,0.75,2013,-1.22,2014,-0.29,2014,3147.07,2014
Colombia,COL,Latin America & Caribbean,Upper middle income,53.49,2013,44.11,2016,50.77,2015,74.18,2015,1.15,2014,-0.39,2014,-1.12,2014,7903.93,2014
Comoros,COM,Sub-Saharan Africa,Low income,55.93,2004,24.33,2016,49.56,2015,63.55,2015,0.87,2013,-0.53,2014,-0.19,2014,810.08,2014
Cabo Verde,CPV,Sub-Saharan Africa,Lower middle income,47.19,2007,19.82,2016,50.66,2015,73.36,2015,1.40,2014,0.90,2014,0.41,2014,3641.11,2014
Costa Rica,CRI,Latin America & Caribbean,Upper middle income,49.18,2013,11.10,2016,49.97,2015,79.59,2015,1.24,2014,0.73,2014,0.63,2014,10415.44,2014
Caribbean small states,CSS,n/a,n/a,n/a,n/a,n/a,n/a,50.37,2015,72.98,2015,2.05,2013,n/a,n/a,n/a,n/a,10165.33,2014
Cuba,CUB,Latin America & Caribbean,Upper middle income,n/a,n/a,70.23,2016,49.76,2015,79.55,2015,1.59,2014,0.07,2014,0.60,2014,6789.85,2013
Curacao,CUW,Latin America & Caribbean,High income: nonOECD,n/a,n/a,n/a,n/a,53.87,2015,78.00,2015,2.33,2013,n/a,n/a,n/a,n/a,n/a,n/a
Cayman Islands,CYM,n/a,n/a,n/a,n/a,n/a,n/a,n/a,n/a,n/a,n/a,n/a,n/a,1.03,2014,1.11,2014,64104.75,2006
Cyprus,CYP,Europe & Central Asia,High income: nonOECD,34.31,2012,18.26,2016,48.98,2015,80.31,2015,1.42,2014,1.07,2014,0.69,2014,27194.39,2014
Czech Republic,CZE,Europe & Central Asia,High income: OECD,26.13,2012,16.66,2016,50.87,2015,78.69,2015,1.42,2013,0.32,2014,0.97,2014,19502.42,2014
Germany,DEU,Europe & Central Asia,High income: OECD,30.13,2011,14.80,2016,50.86,2015,81.02,2015,0.92,2013,1.83,2014,0.93,2014,47773.94,2014
Djibouti,DJI,Middle East & North Africa,Lower middle income,45.13,2012,70.90,2016,49.78,2015,62.29,2015,0.68,2011,-0.49,2014,-0.72,2014,1813.60,2014
Dominica,DMA,Latin America & Caribbean,Upper middle income,n/a,n/a,n/a,n/a,n/a,n/a,76.60,2002,1.00,1993,0.66,2014,1.11,2014,7244.50,2014
Denmark,DNK,Europe & Central Asia,High income: OECD,29.08,2012,8.89,2016,50.36,2015,80.35,2015,1.38,2013,2.26,2014,0.94,2014,60718.39,2014
Dominican Republic,DOM,Latin America & Caribbean,Upper middle income,47.07,2013,27.90,2016,50.17,2015,73.68,2015,1.62,2014,-0.79,2014,0.19,2014,6163.58,2014
Algeria,DZA,Middle East & North Africa,Upper middle income,35.33,1995,41.69,2016,49.69,2015,75.04,2015,1.53,2014,-0.61,2014,-1.17,2014,5484.07,2014
East Asia & Pacific (developing only),EAP,n/a,n/a,n/a,n/a,n/a,n/a,48.98,2015,74.17,2015,1.14,2013,n/a,n/a,n/a,n/a,6240.41,2014
East Asia & Pacific (all income levels),EAS,n/a,n/a,n/a,n/a,n/a,n/a,49.18,2015,75.04,2015,1.10,2013,n/a,n/a,n/a,n/a,9482.08,2014
Europe & Central Asia (developing only),ECA,n/a,n/a,n/a,n/a,n/a,n/a,51.51,2015,72.53,2015,1.04,2013,n/a,n/a,n/a,n/a,6895.67,2014
Europe & Central Asia (all income levels),ECS,n/a,n/a,n/a,n/a,n/a,n/a,51.60,2015,76.82,2015,1.18,2013,n/a,n/a,n/a,n/a,25703.25,2014
Ecuador,ECU,Latin America & Caribbean,Upper middle income,47.29,2013,33.21,2016,50.01,2015,76.10,2015,1.31,2012,-0.82,2014,-0.01,2014,6345.84,2014
"Egypt, Arab Rep.",EGY,Middle East & North Africa,Lower middle income,30.75,2008,54.45,2016,49.47,2015,71.32,2015,0.89,2013,-0.59,2014,-1.58,2014,3365.71,2014
Euro area,EMU,n/a,n/a,n/a,n/a,n/a,n/a,51.14,2015,81.71,2015,1.17,2013,n/a,n/a,n/a,n/a,39639.81,2014
Eritrea,ERI,Sub-Saharan Africa,Low income,n/a,n/a,83.92,2016,49.91,2015,64.10,2015,0.50,2014,-0.86,2014,-0.76,2014,544.46,2011
Spain,ESP,Europe & Central Asia,High income: OECD,35.89,2012,19.92,2016,50.95,2015,82.66,2015,1.20,2013,0.53,2014,0.32,2014,29721.60,2014
Estonia,EST,Europe & Central Asia,High income: OECD,33.15,2012,14.31,2016,53.20,2015,76.71,2015,1.50,2013,1.27,2014,0.76,2014,20147.78,2014
Ethiopia,ETH,Sub-Saharan Africa,Low income,33.17,2010,45.13,2016,50.09,2015,64.58,2015,0.43,2014,-0.43,2014,-1.24,2014,573.57,2014
European Union,EUU,n/a,n/a,n/a,n/a,n/a,n/a,51.14,2015,80.67,2015,1.25,2013,n/a,n/a,n/a,n/a,36447.86,2014
Fragile and conflict affected situations,FCS,n/a,n/a,n/a,n/a,n/a,n/a,49.92,2015,62.13,2015,0.80,2013,n/a,n/a,n/a,n/a,1528.54,2014
Finland,FIN,Europe & Central Asia,High income: OECD,27.12,2012,8.59,2016,50.78,2015,80.92,2015,1.21,2013,2.18,2014,1.28,2014,49842.71,2014
Fiji,FJI,East Asia & Pacific,Lower middle income,42.78,2008,29.37,2016,49.15,2015,70.26,2015,1.19,2005,-0.03,2014,0.48,2014,5112.32,2014
France,FRA,Europe & Central Asia,High income: OECD,33.10,2012,23.83,2016,51.33,2015,82.26,2015,1.23,2013,1.27,2014,0.36,2014,42725.74,2014
Faroe Islands,FRO,n/a,n/a,n/a,n/a,n/a,n/a,n/a,n/a,81.69,2014,n/a,n/a,n/a,n/a,n/a,n/a,54117.84,2013
"Micronesia, Fed. Sts.",FSM,East Asia & Pacific,Lower middle income,61.18,2000,n/a,n/a,48.77,2015,69.23,2015,0.88,1982,0.84,2014,0.96,2014,3057.09,2014
Gabon,GAB,Sub-Saharan Africa,Upper middle income,42.18,2005,32.20,2016,49.43,2015,64.89,2015,0.59,2003,-0.64,2014,0.20,2014,10772.06,2014
United Kingdom,GBR,Europe & Central Asia,High income: OECD,32.57,2012,21.70,2016,50.71,2015,80.78,2015,1.31,2013,1.73,2014,0.44,2014,46296.98,2014
Georgia,GEO,Europe & Central Asia,Lower middle income,40.03,2013,27.96,2016,52.29,2015,74.82,2015,1.26,2014,0.74,2014,-0.23,2014,4435.19,2014
Ghana,GHA,Sub-Saharan Africa,Lower middle income,42.77,2005,17.95,2016,50.25,2015,61.49,2015,0.67,2014,-0.21,2014,-0.13,2014,1441.64,2014
Guinea,GIN,Sub-Saharan Africa,Low income,33.73,2012,33.08,2016,49.86,2015,59.19,2015,0.45,2014,-1.07,2014,-0.93,2014,539.62,2014
"Gambia, The",GMB,Sub-Saharan Africa,Low income,47.33,2003,46.53,2016,50.50,2015,60.47,2015,0.54,1995,-0.68,2014,-0.10,2014,441.29,2014
Guinea-Bissau,GNB,Sub-Saharan Africa,Low income,50.66,2010,29.03,2016,50.36,2015,55.47,2015,0.06,1989,-1.51,2014,-0.74,2014,567.82,2014
Equatorial Guinea,GNQ,Sub-Saharan Africa,High income: nonOECD,n/a,n/a,66.47,2016,48.75,2015,57.96,2015,0.45,2000,-1.84,2014,-0.39,2014,18918.28,2014
Greece,GRC,Europe & Central Asia,High income: OECD,36.68,2012,30.35,2016,51.21,2015,81.01,2015,1.00,2013,-0.20,2014,0.02,2014,21672.67,2014
Grenada,GRD,Latin America & Caribbean,Upper middle income,n/a,n/a,n/a,n/a,49.84,2015,73.52,2015,1.36,2009,0.27,2014,0.75,2014,8573.69,2014
Greenland,GRL,n/a,n/a,n/a,n/a,n/a,n/a,n/a,n/a,71.31,2012,n/a,n/a,1.20,2014,1.94,2014,43364.88,2014
Guatemala,GTM,Latin America & Caribbean,Lower middle income,52.35,2011,38.03,2016,51.09,2015,71.96,2015,1.06,2013,-0.70,2014,-0.64,2014,3673.14,2014
Guam,GUM,n/a,n/a,n/a,n/a,n/a,n/a,49.29,2015,79.38,2015,n/a,n/a,1.25,2014,0.80,2014,n/a,n/a
Guyana,GUY,Latin America & Caribbean,Lower middle income,44.55,1998,27.07,2016,49.74,2015,66.51,2015,2.03,2012,-0.73,2014,-0.16,2014,4053.90,2014
High income,HIC,n/a,n/a,n/a,n/a,n/a,n/a,50.67,2015,79.28,2015,1.23,2013,n/a,n/a,n/a,n/a,37792.76,2014
"Hong Kong SAR, China",HKG,East Asia & Pacific,High income: nonOECD,n/a,n/a,28.50,2016,53.05,2015,84.11,2015,1.15,2014,1.64,2014,1.13,2014,40169.54,2014
Honduras,HND,Latin America & Caribbean,Lower middle income,53.67,2013,44.62,2016,50.02,2015,73.33,2015,1.35,2014,-0.79,2014,-0.51,2014,2434.83,2014
Heavily indebted poor countries (HIPC),HPC,n/a,n/a,n/a,n/a,n/a,n/a,50.08,2015,61.22,2015,0.64,2013,n/a,n/a,n/a,n/a,898.04,2014
Croatia,HRV,Europe & Central Asia,High income: nonOECD,31.98,2011,27.91,2016,51.77,2015,77.38,2015,1.36,2012,0.19,2014,0.60,2014,13475.26,2014
Haiti,HTI,Latin America & Caribbean,Low income,60.79,2012,24.66,2016,50.54,2015,63.07,2015,0.81,2014,-1.25,2014,-0.61,2014,824.16,2014
Hungary,HUN,Europe & Central Asia,High income: OECD,30.55,2012,28.17,2016,52.40,2015,75.15,2015,1.28,2013,0.13,2014,0.70,2014,14026.57,2014
Indonesia,IDN,East Asia & Pacific,Lower middle income,35.57,2010,41.72,2016,49.65,2015,69.07,2015,1.11,2013,-0.58,2014,-0.37,2014,3491.93,2014
Isle of Man,IMN,n/a,n/a,n/a,n/a,n/a,n/a,n/a,n/a,77.97,2002,n/a,n/a,n/a,n/a,n/a,n/a,49593.08,2007
India,IND,South Asia,Lower middle income,33.90,2009,43.17,2016,48.17,2015,68.35,2015,0.94,2013,-0.46,2014,-0.96,2014,1581.51,2014
Not classified,INX,n/a,n/a,n/a,n/a,n/a,n/a,n/a,n/a,n/a,n/a,n/a,n/a,n/a,n/a,n/a,n/a,n/a,n/a
Ireland,IRL,Europe & Central Asia,High income: OECD,32.52,2012,12.40,2016,50.09,2015,81.00,2015,1.06,2013,1.62,2014,1.07,2014,54339.32,2014
"Iran, Islamic Rep.",IRN,Middle East & North Africa,Upper middle income,37.35,2013,66.52,2016,49.65,2015,75.59,2015,0.93,2014,-0.57,2014,-0.91,2014,5442.87,2014
Iraq,IRQ,Middle East & North Africa,Lower middle income,29.54,2012,54.35,2016,49.38,2015,69.59,2015,0.60,2005,-1.34,2014,-2.47,2014,6420.14,2014
Iceland,ISL,Europe & Central Asia,High income: OECD,26.94,2012,15.30,2016,49.91,2015,82.68,2015,1.72,2012,1.82,2014,1.24,2014,52036.73,2014
Israel,ISR,Middle East & North Africa,High income: OECD,42.78,2010,32.58,2016,50.41,2015,82.46,2015,1.35,2013,0.82,2014,-0.99,2014,37206.18,2014
Italy,ITA,Europe & Central Asia,High income: OECD,35.16,2012,28.93,2016,51.39,2015,83.20,2015,1.40,2013,-0.11,2014,0.50,2014,35222.76,2014
Jamaica,JAM,Latin America & Caribbean,Upper middle income,45.46,2004,12.45,2016,50.20,2015,75.80,2015,2.28,2013,-0.39,2014,0.09,2014,5106.08,2014
Jordan,JOR,Middle East & North Africa,Upper middle income,33.66,2010,44.49,2016,48.79,2015,74.20,2015,1.18,2012,0.15,2014,-0.56,2014,5422.57,2014
Japan,JPN,East Asia & Pacific,High income: OECD,32.11,2008,28.67,2016,51.37,2015,83.56,2015,0.91,2013,1.73,2014,1.02,2014,36194.42,2014
Kazakhstan,KAZ,Europe & Central Asia,Upper middle income,26.35,2013,54.55,2016,51.71,2015,69.47,2015,1.26,2014,-0.76,2014,0.05,2014,12601.62,2014
Kenya,KEN,Sub-Saharan Africa,Low income,48.51,2005,31.16,2016,50.02,2015,62.13,2015,0.70,2009,-0.94,2014,-1.27,2014,1358.26,2014
Kyrgyz Republic,KGZ,Europe & Central Asia,Low income,27.37,2012,30.16,2016,50.50,2015,70.73,2015,1.29,2013,-1.11,2014,-0.78,2014,1268.86,2014
Cambodia,KHM,East Asia & Pacific,Low income,30.76,2012,40.70,2016,51.22,2015,68.66,2015,0.62,2011,-1.08,2014,-0.04,2014,1094.58,2014
Kiribati,KIR,East Asia & Pacific,Lower middle income,37.61,2006,n/a,n/a,50.70,2015,66.15,2015,n/a,n/a,0.31,2014,0.72,2014,1509.52,2014
St. Kitts and Nevis,KNA,Latin America & Caribbean,High income: nonOECD,n/a,n/a,n/a,n/a,n/a,n/a,71.34,2002,1.02,2014,0.27,2014,0.50,2014,15510.39,2014
"Korea, Rep.",KOR,East Asia & Pacific,High income: OECD,n/a,n/a,28.58,2016,50.30,2015,81.92,2015,0.75,2014,0.49,2014,0.19,2014,27970.50,2014
Kosovo,KSV,Europe & Central Asia,Lower middle income,26.71,2013,n/a,n/a,48.47,2015,71.10,2014,n/a,n/a,-0.45,2014,-0.34,2014,4051.65,2014
Kuwait,KWT,Middle East & North Africa,High income: nonOECD,n/a,n/a,32.59,2016,43.82,2015,74.70,2015,1.62,2013,-0.26,2014,0.14,2014,43593.70,2014
Latin America & Caribbean (developing only),LAC,n/a,n/a,n/a,n/a,n/a,n/a,50.53,2015,74.86,2015,1.29,2013,n/a,n/a,n/a,n/a,9225.60,2014
Lao PDR,LAO,East Asia & Pacific,Lower middle income,37.89,2012,71.58,2016,50.23,2015,66.54,2015,0.93,2014,-0.76,2014,0.46,2014,1793.47,2014
Lebanon,LBN,Middle East & North Africa,Upper middle income,n/a,n/a,31.95,2016,49.78,2015,79.63,2015,1.16,2014,-1.06,2014,-1.72,2014,10057.89,2014
Liberia,LBR,Sub-Saharan Africa,Low income,36.48,2007,30.71,2016,49.60,2015,61.16,2015,0.63,2012,-0.78,2014,-0.63,2014,457.86,2014
Libya,LBY,Middle East & North Africa,Upper middle income,n/a,n/a,57.89,2016,49.72,2015,71.83,2015,1.11,2003,-1.61,2014,-2.32,2014,6573.39,2014
St. Lucia,LCA,Latin America & Caribbean,Upper middle income,42.58,1995,n/a,n/a,50.94,2015,75.18,2015,2.09,2014,0.43,2014,0.88,2014,7647.53,2014
Latin America & Caribbean (all income levels),LCN,n/a,n/a,n/a,n/a,n/a,n/a,50.58,2015,75.17,2015,1.28,2013,n/a,n/a,n/a,n/a,9985.31,2014
Least developed countries: UN classification,LDC,n/a,n/a,n/a,n/a,n/a,n/a,50.11,2015,63.58,2015,0.68,2013,n/a,n/a,n/a,n/a,952.00,2014
Low income,LIC,n/a,n/a,n/a,n/a,n/a,n/a,50.25,2015,61.80,2015,0.68,2013,n/a,n/a,n/a,n/a,639.65,2014
Liechtenstein,LIE,Europe & Central Asia,High income: nonOECD,n/a,n/a,18.36,2016,n/a,n/a,82.26,2014,0.55,2012,2.08,2014,1.54,2014,149160.76,2012
Sri Lanka,LKA,South Asia,Lower middle income,38.58,2012,44.96,2016,51.83,2015,74.95,2015,1.49,2014,-0.34,2014,-0.25,2014,3794.89,2014
Lower middle income,LMC,n/a,n/a,n/a,n/a,n/a,n/a,49.07,2015,67.48,2015,0.96,2013,n/a,n/a,n/a,n/a,2008.38,2014
Low & middle income,LMY,n/a,n/a,n/a,n/a,n/a,n/a,49.29,2015,69.81,2015,1.05,2013,n/a,n/a,n/a,n/a,4290.61,2014
Lesotho,LSO,Sub-Saharan Africa,Lower middle income,54.18,2010,28.78,2016,50.50,2015,49.96,2015,1.45,2014,0.15,2014,-0.27,2014,1034.19,2014
Lithuania,LTU,Europe & Central Asia,Upper middle income,35.15,2012,19.95,2016,53.96,2015,73.33,2015,1.47,2013,0.48,2014,0.78,2014,16489.73,2014
Luxembourg,LUX,Europe & Central Asia,High income: OECD,34.79,2012,14.43,2016,49.81,2015,81.81,2015,1.14,2012,2.09,2014,1.39,2014,116612.88,2014
Latvia,LVA,Europe & Central Asia,Upper middle income,35.48,2012,17.38,2016,54.12,2015,74.05,2015,1.51,2013,0.34,2014,0.55,2014,15692.19,2014
"Macao SAR, China",MAC,East Asia & Pacific,High income: nonOECD,n/a,n/a,n/a,n/a,51.84,2015,80.77,2015,1.31,2014,0.86,2014,1.21,2014,96038.05,2014
St. Martin (French part),MAF,Latin America & Caribbean,High income: nonOECD,n/a,n/a,n/a,n/a,n/a,n/a,79.32,2014,n/a,n/a,n/a,n/a,n/a,n/a,n/a,n/a
Morocco,MAR,Middle East & North Africa,Lower middle income,40.72,2007,42.64,2016,50.58,2015,74.29,2015,0.96,2014,-0.26,2014,-0.39,2014,3190.31,2014
Monaco,MCO,Europe & Central Asia,High income: nonOECD,n/a,n/a,n/a,n/a,n/a,n/a,n/a,n/a,n/a,n/a,0.00,2014,0.83,2014,163351.65,2011
Moldova,MDA,Europe & Central Asia,Lower middle income,28.53,2013,28.83,2016,51.93,2015,71.63,2015,1.29,2013,-0.85,2014,-0.10,2014,2238.90,2014
Madagascar,MDG,Sub-Saharan Africa,Low income,40.63,2010,27.04,2016,50.15,2015,65.48,2015,0.94,2013,-0.80,2014,-0.54,2014,449.40,2014
Maldives,MDV,South Asia,Upper middle income,36.78,2009,34.17,2016,49.85,2015,76.98,2015,1.12,2008,-0.11,2014,0.88,2014,7635.48,2014
Middle East & North Africa (all income levels),MEA,n/a,n/a,n/a,n/a,n/a,n/a,48.34,2015,73.02,2015,1.03,2013,n/a,n/a,n/a,n/a,8432.33,2014
Mexico,MEX,Latin America & Caribbean,Upper middle income,48.07,2012,49.33,2016,50.26,2015,76.92,2015,1.01,2013,-0.73,2014,-0.76,2014,10325.65,2014
Marshall Islands,MHL,East Asia & Pacific,Lower middle income,n/a,n/a,n/a,n/a,n/a,n/a,65.24,2000,0.92,2012,-0.07,2014,0.00,2014,3529.75,2014
Middle income,MIC,n/a,n/a,n/a,n/a,n/a,n/a,49.17,2015,70.78,2015,1.08,2013,n/a,n/a,n/a,n/a,4723.63,2014
"Macedonia, FYR",MKD,Europe & Central Asia,Upper middle income,44.05,2008,36.09,2016,50.22,2015,75.50,2015,1.26,2013,0.09,2014,0.25,2014,5455.59,2014
Mali,MLI,Sub-Saharan Africa,Low income,33.04,2009,39.83,2016,49.52,2015,58.46,2015,0.43,2012,-0.72,2014,-1.74,2014,704.51,2014
Malta,MLT,Middle East & North Africa,High income: nonOECD,n/a,n/a,23.84,2016,50.20,2015,80.67,2015,1.15,2014,0.86,2014,1.11,2014,22776.19,2013
Myanmar,MMR,East Asia & Pacific,Low income,n/a,n/a,45.48,2016,51.14,2015,66.04,2015,1.23,2012,-0.92,2014,-1.06,2014,1203.84,2014
Middle East & North Africa (developing only),MNA,n/a,n/a,n/a,n/a,n/a,n/a,49.65,2015,72.43,2015,0.99,2013,n/a,n/a,n/a,n/a,4356.88,2014
Montenegro,MNE,Europe & Central Asia,Upper middle income,33.19,2013,32.79,2016,50.59,2015,76.34,2015,1.26,2010,-0.01,2014,0.24,2014,7378.35,2014
Mongolia,MNG,East Asia & Pacific,Lower middle income,33.75,2012,27.61,2016,50.50,2015,69.82,2015,1.44,2014,-0.47,2014,0.87,2014,4129.37,2014
Northern Mariana Islands,MNP,n/a,n/a,n/a,n/a,n/a,n/a,n/a,n/a,n/a,n/a,n/a,n/a,n/a,n/a,n/a,n/a,n/a,n/a
Mozambique,MOZ,Sub-Saharan Africa,Low income,45.58,2008,30.25,2016,51.15,2015,55.37,2015,0.71,2014,-0.70,2014,-0.35,2014,585.62,2014
Mauritania,MRT,Sub-Saharan Africa,Low income,37.48,2008,24.03,2016,49.68,2015,63.20,2015,0.44,2013,-0.92,2014,-0.58,2014,1274.98,2014
Mauritius,MUS,Sub-Saharan Africa,Upper middle income,35.84,2012,27.69,2016,50.61,2015,74.56,2015,1.23,2014,0.45,2014,0.74,2014,10016.65,2014
Malawi,MWI,Sub-Saharan Africa,Low income,46.12,2010,28.12,2016,50.08,2015,63.80,2015,0.64,2011,-0.76,2014,0.12,2014,255.04,2014
Malaysia,MYS,East Asia & Pacific,Upper middle income,46.26,2009,46.57,2016,48.40,2015,74.88,2015,n/a,n/a,0.48,2014,0.34,2014,11307.06,2014
North America,NAC,n/a,n/a,n/a,n/a,n/a,n/a,50.43,2015,79.46,2015,1.37,2013,n/a,n/a,n/a,n/a,54194.61,2014
Namibia,NAM,Sub-Saharan Africa,Upper middle income,60.97,2009,15.15,2016,51.33,2015,64.92,2015,1.28,2008,0.23,2014,0.62,2014,5408.24,2014
New Caledonia,NCL,n/a,n/a,n/a,n/a,n/a,n/a,49.56,2015,76.89,2015,n/a,n/a,0.00,2014,0.00,2014,12579.60,2000
Niger,NER,Sub-Saharan Africa,Low income,31.45,2011,24.62,2016,49.60,2015,61.97,2015,0.34,2012,-0.63,2014,-1.27,2014,427.37,2014
Nigeria,NGA,Sub-Saharan Africa,Lower middle income,42.97,2009,35.90,2016,49.07,2015,53.05,2015,0.72,2005,-1.27,2014,-2.11,2014,3203.30,2014
Nicaragua,NIC,Latin America & Caribbean,Lower middle income,45.73,2009,28.82,2016,50.71,2015,75.10,2015,1.12,2002,-0.88,2014,-0.05,2014,1963.05,2014
Netherlands,NLD,Europe & Central Asia,High income: OECD,27.99,2012,8.76,2016,50.37,2015,81.62,2015,1.10,2012,2.00,2014,1.05,2014,52138.68,2014
High income: nonOECD,NOC,n/a,n/a,n/a,n/a,n/a,n/a,50.15,2015,73.38,2015,1.29,2013,n/a,n/a,n/a,n/a,18617.61,2014
Norway,NOR,Europe & Central Asia,High income: OECD,25.90,2012,8.79,2016,49.63,2015,81.66,2015,1.50,2013,2.23,2014,1.13,2014,97299.64,2014
Nepal,NPL,South Asia,Low income,32.75,2010,32.62,2016,51.54,2015,69.97,2015,0.82,2013,-0.54,2014,-0.70,2014,701.68,2014
New Zealand,NZL,East Asia & Pacific,High income: OECD,n/a,n/a,10.01,2016,51.13,2015,81.96,2015,1.43,2013,2.27,2014,1.49,2014,44342.16,2014
High income: OECD,OEC,n/a,n/a,n/a,n/a,n/a,n/a,50.82,2015,80.97,2015,1.22,2013,n/a,n/a,n/a,n/a,43697.22,2014
OECD members,OED,n/a,n/a,n/a,n/a,n/a,n/a,50.76,2015,80.23,2015,1.16,2013,n/a,n/a,n/a,n/a,38422.58,2014
Oman,OMN,Middle East & North Africa,High income: nonOECD,n/a,n/a,40.43,2016,33.67,2015,77.32,2015,1.37,2011,0.25,2014,0.66,2014,19309.61,2014
Other small states,OSS,n/a,n/a,n/a,n/a,n/a,n/a,50.08,2015,62.52,2015,1.06,2013,n/a,n/a,n/a,n/a,4799.41,2014
Pakistan,PAK,South Asia,Lower middle income,29.59,2010,48.52,2016,48.63,2015,66.38,2015,1.06,2014,-0.81,2014,-2.44,2014,1316.61,2014
Panama,PAN,Latin America & Caribbean,Upper middle income,51.67,2013,30.59,2016,49.87,2015,77.77,2015,1.49,2013,-0.36,2014,0.10,2014,11948.85,2014
Peru,PER,Latin America & Caribbean,Upper middle income,44.73,2013,29.99,2016,50.05,2015,74.78,2015,1.10,2010,-0.59,2014,-0.52,2014,6541.03,2014
Philippines,PHL,East Asia & Pacific,Lower middle income,43.04,2012,44.66,2016,49.54,2015,68.41,2015,1.28,2014,-0.44,2014,-0.70,2014,2872.51,2014
Palau,PLW,East Asia & Pacific,Upper middle income,n/a,n/a,n/a,n/a,n/a,n/a,69.13,2005,1.55,2013,-0.36,2014,0.00,2014,11879.68,2014
Papua New Guinea,PNG,East Asia & Pacific,Lower middle income,43.88,2009,25.81,2016,48.99,2015,62.78,2015,0.57,1999,-0.97,2014,-0.33,2014,2268.16,2014
Poland,POL,Europe & Central Asia,High income: OECD,32.39,2012,23.89,2016,51.64,2015,77.48,2015,1.55,2013,0.59,2014,0.87,2014,14336.80,2014
Puerto Rico,PRI,n/a,n/a,n/a,n/a,n/a,n/a,51.93,2015,79.57,2015,1.43,2013,0.49,2014,0.74,2014,28681.70,2013
"Korea, Dem. People?s Rep.",PRK,East Asia & Pacific,Low income,n/a,n/a,83.76,2016,51.10,2015,70.34,2015,0.50,2009,-1.34,2014,-1.09,2014,n/a,n/a
Portugal,PRT,Europe & Central Asia,High income: OECD,36.04,2012,17.27,2016,52.65,2015,81.02,2015,1.15,2013,0.88,2014,0.79,2014,22124.37,2014
Paraguay,PRY,Latin America & Caribbean,Lower middle income,48.30,2013,33.63,2016,49.25,2015,73.03,2015,1.42,2010,-1.00,2014,-0.20,2014,4712.82,2014
Pacific island small states,PSS,n/a,n/a,n/a,n/a,n/a,n/a,49.22,2015,70.11,2015,1.12,2006,n/a,n/a,n/a,n/a,3760.71,2014
French Polynesia,PYF,n/a,n/a,n/a,n/a,n/a,n/a,48.97,2015,76.75,2015,n/a,n/a,n/a,n/a,n/a,n/a,14530.23,2000
Qatar,QAT,Middle East & North Africa,High income: nonOECD,n/a,n/a,35.97,2016,27.36,2015,78.76,2015,6.32,2014,1.09,2014,1.00,2014,96732.40,2014
Romania,ROU,n/a,n/a,27.33,2012,24.29,2016,51.56,2015,74.79,2015,1.24,2013,n/a,n/a,n/a,n/a,10000.00,2014
Russian Federation,RUS,Europe & Central Asia,Upper middle income,41.59,2012,49.03,2016,53.54,2015,70.14,2015,1.24,2013,-0.87,2014,-0.84,2014,12735.92,2014
Rwanda,RWA,Sub-Saharan Africa,Low income,51.34,2010,54.61,2016,52.11,2015,64.52,2015,0.79,2013,0.83,2014,-0.10,2014,695.69,2014
South Asia,SAS,n/a,n/a,n/a,n/a,n/a,n/a,48.45,2015,68.44,2015,0.91,2013,n/a,n/a,n/a,n/a,1504.04,2014
Saudi Arabia,SAU,Middle East & North Africa,High income: nonOECD,n/a,n/a,59.72,2016,43.45,2015,74.49,2015,0.96,2014,0.10,2014,-0.24,2014,24406.48,2014
Sudan,SDN,Sub-Saharan Africa,Lower middle income,35.39,2009,72.53,2016,49.80,2015,63.71,2015,1.12,2013,-1.45,2014,-2.36,2014,1875.84,2014
Senegal,SEN,Sub-Saharan Africa,Lower middle income,40.28,2011,27.99,2016,50.90,2015,66.80,2015,0.59,2010,0.02,2014,-0.13,2014,1067.13,2014
Singapore,SGP,East Asia & Pacific,High income: nonOECD,n/a,n/a,52.96,2016,50.66,2015,83.09,2015,0.45,1970,2.12,2014,1.23,2014,56284.33,2014
Solomon Islands,SLB,East Asia & Pacific,Lower middle income,46.10,2005,n/a,n/a,49.22,2015,68.15,2015,n/a,n/a,-0.27,2014,0.49,2014,2024.19,2014
Sierra Leone,SLE,Sub-Saharan Africa,Low income,33.99,2011,29.94,2016,50.52,2015,51.31,2015,0.40,2002,-0.95,2014,-0.22,2014,765.96,2014
El Salvador,SLV,Latin America & Caribbean,Lower middle income,43.51,2013,27.20,2016,53.07,2015,73.00,2015,1.09,2013,-0.39,2014,-0.15,2014,4119.99,2014
San Marino,SMR,Europe & Central Asia,High income: nonOECD,n/a,n/a,n/a,n/a,n/a,n/a,83.32,2011,1.38,2012,0.00,2014,0.00,2014,62993.37,2008
Somalia,SOM,Sub-Saharan Africa,Low income,n/a,n/a,65.35,2016,50.24,2015,55.69,2015,0.24,1987,-1.69,2014,-2.49,2014,542.62,2014
Serbia,SRB,Europe & Central Asia,Upper middle income,29.65,2010,27.60,2016,51.20,2015,74.99,2015,1.31,2014,-0.19,2014,0.18,2014,6152.92,2014
Sub-Saharan Africa (developing only),SSA,n/a,n/a,n/a,n/a,n/a,n/a,50.00,2015,59.00,2015,0.73,2013,n/a,n/a,n/a,n/a,1775.55,2014
South Sudan,SSD,Sub-Saharan Africa,Lower middle income,n/a,n/a,44.87,2016,49.92,2015,56.11,2015,n/a,n/a,-1.61,2014,-2.54,2014,1115.09,2014
Sub-Saharan Africa (all income levels),SSF,n/a,n/a,n/a,n/a,n/a,n/a,50.00,2015,59.00,2015,0.73,2013,n/a,n/a,n/a,n/a,1791.25,2014
Small states,SST,n/a,n/a,n/a,n/a,n/a,n/a,50.08,2015,65.45,2015,1.31,2013,n/a,n/a,n/a,n/a,5963.45,2014
Sao Tome and Principe,STP,Sub-Saharan Africa,Lower middle income,30.82,2010,n/a,n/a,50.22,2015,66.51,2015,0.87,2014,-0.16,2014,0.15,2014,1810.72,2014
Suriname,SUR,Latin America & Caribbean,Upper middle income,57.61,1999,16.70,2016,49.90,2015,71.29,2015,1.72,2002,-0.62,2014,0.23,2014,9680.12,2014
Slovak Republic,SVK,Europe & Central Asia,High income: OECD,26.12,2012,13.26,2016,51.53,2015,76.27,2015,1.54,2013,0.12,2014,1.02,2014,18500.66,2014
Slovenia,SVN,Europe & Central Asia,High income: OECD,25.59,2012,22.26,2016,50.43,2015,80.47,2015,1.45,2013,0.69,2014,0.79,2014,24001.90,2014
Sweden,SWE,Europe & Central Asia,High income: OECD,27.32,2012,12.33,2016,50.03,2015,82.28,2015,1.56,2013,2.14,2014,1.07,2014,58898.93,2014
Swaziland,SWZ,Sub-Saharan Africa,Lower middle income,51.45,2009,52.37,2016,50.55,2015,48.87,2015,1.05,2013,-0.36,2014,-0.52,2014,3477.15,2014
Sint Maarten (Dutch part),SXM,Latin America & Caribbean,High income: nonOECD,n/a,n/a,n/a,n/a,n/a,n/a,73.05,2012,n/a,n/a,n/a,n/a,n/a,n/a,n/a,n/a
Seychelles,SYC,Sub-Saharan Africa,Upper middle income,42.77,2006,30.60,2016,49.35,2015,73.56,2015,2.49,2014,0.37,2014,0.42,2014,15564.64,2014
Syrian Arab Republic,SYR,Middle East & North Africa,Lower middle income,35.77,2004,81.35,2016,49.38,2015,70.09,2015,1.01,2013,-1.55,2014,-2.76,2014,2079.99,2007
Turks and Caicos Islands,TCA,n/a,n/a,n/a,n/a,n/a,n/a,n/a,n/a,n/a,n/a,0.90,2008,n/a,n/a,n/a,n/a,n/a,n/a
Chad,TCD,Sub-Saharan Africa,Low income,43.32,2011,40.59,2016,49.94,2015,51.87,2015,0.20,2014,-1.23,2014,-1.53,2014,1024.67,2014
Togo,TGO,Sub-Saharan Africa,Low income,46.02,2011,30.31,2016,50.59,2015,60.12,2015,0.42,2014,-0.92,2014,-0.16,2014,635.04,2014
Thailand,THA,East Asia & Pacific,Upper middle income,39.26,2012,44.53,2016,50.71,2015,74.60,2015,1.34,2013,-0.41,2014,-0.91,2014,5977.38,2014
Tajikistan,TJK,Europe & Central Asia,Low income,30.77,2009,50.34,2016,49.35,2015,69.77,2015,0.61,2014,-1.00,2014,-0.68,2014,1114.01,2014
Turkmenistan,TKM,Europe & Central Asia,Upper middle income,40.77,1998,83.44,2016,50.86,2015,65.74,2015,0.64,2014,-1.22,2014,0.08,2014,9031.51,2014
Timor-Leste,TLS,n/a,n/a,31.56,2007,32.02,2016,49.22,2015,68.53,2015,0.72,2010,n/a,n/a,n/a,n/a,1169.04,2014
Tonga,TON,East Asia & Pacific,Lower middle income,38.10,2009,21.24,2016,49.85,2015,72.94,2015,1.66,2003,-0.29,2014,0.80,2014,4113.99,2014
Trinidad and Tobago,TTO,Latin America & Caribbean,High income: nonOECD,40.27,1992,23.29,2016,50.66,2015,70.56,2015,1.26,2004,-0.58,2014,0.26,2014,21323.75,2014
Tunisia,TUN,Middle East & North Africa,Upper middle income,35.81,2010,31.60,2016,50.58,2015,74.98,2015,1.64,2014,-0.09,2014,-0.93,2014,4420.70,2014
Turkey,TUR,Europe & Central Asia,Upper middle income,40.17,2012,50.76,2016,50.84,2015,75.43,2015,0.86,2013,-0.12,2014,-1.06,2014,10515.01,2014
Tuvalu,TUV,East Asia & Pacific,Upper middle income,n/a,n/a,n/a,n/a,n/a,n/a,n/a,n/a,n/a,n/a,0.04,2014,1.33,2014,3826.90,2014
Tanzania,TZA,Sub-Saharan Africa,Low income,37.78,2011,28.65,2016,50.30,2015,65.49,2015,0.51,2013,-0.80,2014,-0.54,2014,955.14,2014
Uganda,UGA,Sub-Saharan Africa,Low income,42.37,2012,32.58,2016,50.02,2015,59.18,2015,0.78,2011,-1.10,2014,-0.93,2014,714.57,2014
Ukraine,UKR,Europe & Central Asia,Lower middle income,24.55,2013,32.93,2016,53.69,2015,70.95,2015,1.16,2014,-1.00,2014,-1.93,2014,3082.46,2014
Upper middle income,UMC,n/a,n/a,n/a,n/a,n/a,n/a,49.30,2015,74.83,2015,1.18,2013,n/a,n/a,n/a,n/a,8030.33,2014
Uruguay,URY,Latin America & Caribbean,Upper middle income,41.87,2013,15.88,2016,51.73,2015,77.14,2015,1.73,2010,1.35,2014,1.00,2014,16806.77,2014
United States,USA,North America,High income: OECD,41.06,2013,22.49,2016,50.43,2015,79.16,2015,1.38,2013,1.32,2014,0.62,2014,54629.50,2014
Uzbekistan,UZB,Europe & Central Asia,Lower middle income,35.27,2003,61.15,2016,50.83,2015,68.45,2015,0.64,2011,-1.12,2014,-0.23,2014,2036.69,2014
St. Vincent and the Grenadines,VCT,Latin America & Caribbean,Upper middle income,n/a,n/a,n/a,n/a,49.54,2015,73.05,2015,2.17,1990,0.66,2014,0.88,2014,6668.89,2014
"Venezuela, RB",VEN,Latin America & Caribbean,Upper middle income,46.94,2006,44.77,2016,50.21,2015,74.41,2015,1.69,2008,-1.38,2014,-0.83,2014,12771.60,2012
Virgin Islands (U.S.),VIR,n/a,n/a,n/a,n/a,n/a,n/a,52.36,2015,80.56,2015,n/a,n/a,0.68,2014,1.27,2014,18728.24,1993
Vietnam,VNM,East Asia & Pacific,Lower middle income,38.70,2012,74.27,2016,50.53,2015,75.78,2015,1.05,2014,-0.50,2014,0.00,2014,2052.32,2014
Vanuatu,VUT,East Asia & Pacific,Lower middle income,37.18,2010,n/a,n/a,49.35,2015,72.16,2015,0.59,2004,0.62,2014,0.66,2014,3147.96,2014
West Bank and Gaza,PSE,n/a,n/a,34.46,2009,42.93,2016,49.30,2015,73.07,2015,1.55,2014,n/a,n/a,n/a,n/a,2965.90,2014
World,WLD,n/a,n/a,n/a,n/a,n/a,n/a,49.55,2015,71.60,2015,1.10,2013,n/a,n/a,n/a,n/a,10738.83,2014
Samoa,WSM,East Asia & Pacific,Lower middle income,42.69,2008,18.80,2016,48.43,2015,73.76,2015,0.92,2000,0.32,2014,1.15,2014,4172.22,2014
"Yemen, Rep.",YEM,Middle East & North Africa,Lower middle income,35.89,2005,67.07,2016,49.49,2015,64.03,2015,0.44,2011,-1.55,2014,-2.53,2014,1408.15,2013
South Africa,ZAF,Sub-Saharan Africa,Upper middle income,63.38,2011,21.92,2016,50.82,2015,57.44,2015,1.47,2013,-0.11,2014,-0.08,2014,6483.85,2014
"Congo, Dem. Rep.",COD,n/a,n/a,42.10,2012,50.97,2016,50.13,2015,59.02,2015,0.46,2013,n/a,n/a,n/a,n/a,442.34,2014
Zambia,ZMB,Sub-Saharan Africa,Lower middle income,55.62,2010,35.08,2016,50.08,2015,60.79,2015,0.46,1999,-0.41,2014,0.21,2014,1721.62,2014
Zimbabwe,ZWE,Sub-Saharan Africa,Low income,n/a,n/a,40.41,2016,50.73,2015,59.16,2015,0.84,2013,-1.39,2014,-0.65,2014,931.20,2014
